,CAGR,Max_Drawdown,Sharp_Ratio,Value
Trained_LSTM,10.514394091590333,48.14111063177361,0.12539905458178363,111350.58170819284
